Host,business/finance,education/research,entertainment,health/medical,news/press,politics/government/law,sports,tech/science
27997,0.14924914037427173,0.4954703933866994,0.1932332885968872,0.009427586910850667,0.027103158491008854,0.02924707054524038,0.022247804708800882,0.0740215484617289
9316,0.22154898641961437,0.01892464114343819,0.6027244942395849,0.0032345091887056535,0.06360708480211669,0.003240281313268337,0.04314478114450476,0.04357529203233491
27045,0.650820401123045,0.004085816749301492,0.2982567502059636,0.009768614474580167,0.01867948761427694,0.002359506705312535,0.009390465424954404,0.006638964763155106
19805,0.05029105998564402,0.03210808941795856,0.014940948764121045,0.8405485280254111,0.01175326039754515,0.0233143341236619,0.010394777054057038,0.01664900188235517
26580,0.0597307591327916,0.3335169484177306,0.18630096522456793,0.024384966434434146,0.08223681205853758,0.11839198649998506,0.007928482253509398,0.18750907895398886
16886,0.07930101693236588,0.01452063100810395,0.7868785975035948,0.008006464184796232,0.061276641273882576,0.010453400894013996,0.015246623991079771,0.024316709986971823
27931,0.2573204426485279,0.014314507611048487,0.631892009987212,0.006167818623225154,0.03631708556077644,0.02564751815435005,0.019032289942563778,0.0093083676937898
8977,0.12875043057241278,0.3602358907501471,0.23121904400474091,0.0659046069713774,0.024800325363614276,0.03792858614180165,0.012771745203593315,0.1383893513414062
20285,0.04121929577552833,0.023267737938725382,0.15779590412793562,0.011397618188397587,0.02824521230198094,0.016051829770070317,0.7037034099258778,0.01831902696010894
2427,0.09339851510926164,0.4612618869888133,0.16070866300208006,0.014590086714680012,0.022303402303755847,0.08103275438949362,0.008630736198266278,0.15807393787791704
1324,0.46273606731963457,0.005222473025875159,0.4955997858239404,0.007917276220787809,0.012119827364068352,0.0063476619364906,0.005186254742724714,0.004870664346537159
25006,0.3743198697040764,0.030355308845636975,0.08291023871435127,0.008105835563534607,0.00911289506111202,0.1420440658342202,0.026054135459491937,0.32709767056161526
13134,0.6144307184982116,0.013446113618886339,0.04451840652696384,0.06424546036508923,0.014500528139874009,0.2348079658239574,0.005205520234910723,0.008845228351615197
11834,0.9032220587980956,0.004246520723496172,0.03752688422835225,0.033330635218685054,0.0061245447548310215,0.0028769293770402908,0.006676216910690853,0.00599622217603766
19930,0.14415788715671068,0.12414399146165415,0.06820317402595734,0.029892331993507038,0.009145149477073802,0.5732371747381603,0.008110201834201417,0.04311015275908569
12212,0.5473800325109504,0.008733594578363743,0.23549377977708727,0.03148283487891777,0.08310079571435744,0.035198432996039905,0.01049513756099605,0.04811537754778756
14062,0.03890934573715118,0.024854795987075882,0.03084376305962263,0.002938525182787637,0.009794661176955538,0.00443638088221388,0.004781925627213024,0.8834405983131892
18965,0.25600327294287567,0.10322263475429028,0.26986470507391613,0.05140708244170588,0.0548992532384411,0.09129672735591732,0.04802112114627577,0.12528518255748122
10744,0.5291745444096915,0.0725017359286364,0.1505734037344117,0.06411614827337594,0.020507774968634908,0.09504071778453879,0.00703347163313317,0.06105222946102499
20664,0.07373956272776239,0.026444578267371375,0.35556293178852005,0.010975659063957116,0.04151937624602543,0.010604983430475843,0.4620935948926041,0.019059267599231492
17021,0.23282488527534337,0.026756042860176816,0.2079133785893137,0.007776429585821393,0.1163456174893067,0.012613963284350365,0.02556643453811049,0.37020324730655624
8212,0.38660989847209404,0.006891127368818454,0.5622408641949611,0.0034482438053036325,0.01447803595470021,0.008131374715087116,0.0110596436542107,0.007140805842709702
20736,0.2650965978232882,0.05405082541134832,0.29337502176008323,0.03977920479854453,0.053416564318258655,0.022225881278082,0.21399797807107668,0.058057891242192766
11963,0.051466795873522014,0.16915410633879713,0.617826574031093,0.009502820058779199,0.020539605396942967,0.016840111748086282,0.006039382812106116,0.1086306062785273
12970,0.2633052188340647,0.10583393742180512,0.27801556193123284,0.043257523707693854,0.04829129236087721,0.09320945433609594,0.03715261118613095,0.13093440022209935
19053,0.7828194265154125,0.011368652239620228,0.08830812601319066,0.01061586531708262,0.028860351709314978,0.012905416616967659,0.009620516008393261,0.05550166606911483
20877,0.039171470048512624,0.018519258519691894,0.06145946317124818,0.011498313325530881,0.01329053761956251,0.836568111007536,0.006065844543736855,0.013427014041631784
6688,0.09926062832513445,0.017885545003555683,0.131783756874867,0.01293436695599236,0.21652565103878457,0.014285009771157854,0.48666938661204884,0.020655644265871433
1485,0.1336140292269462,0.023277843863105385,0.35562974469019887,0.006947945366884591,0.02804460815238739,0.4312557718853301,0.0072482417567726115,0.013981819947818323
9915,0.029776307401227223,0.0059556712862696495,0.9406788199021382,0.008436681479860762,0.006484948753234391,0.0020781365079845914,0.0027734384556596194,0.0038160223983418223
2785,0.09371717392756555,0.020940764666520856,0.6180655646198713,0.0036289715202609675,0.06658079972569865,0.005616642750792419,0.06557898975183897,0.12587109116898518
20128,0.0210005063611507,0.5566053264882415,0.11814290062752247,0.012371575562864282,0.012585963189375313,0.0809159508284775,0.004279719027800494,0.1940981771646027
12295,0.596127695299041,0.044262549347173594,0.08060386888424148,0.017746112751466946,0.03332767196273356,0.1145863315417335,0.0068255464959037365,0.10652023033009635
14567,0.28231613016538243,0.01080705356082641,0.6417860865335997,0.015633666126390378,0.011569868267892285,0.007146908374470683,0.00526047720944583,0.025479808429036927
25052,0.40200857752769387,0.011195485263734204,0.5262991904095321,0.008758070469152682,0.015296952535308148,0.008618050514993954,0.007383217831788297,0.020440487857822327
25689,0.785617051584389,0.013361399997153231,0.05589638380850643,0.043174251082779704,0.038498958851274204,0.04970335686557735,0.008206398277827622,0.005542194084255335
18873,0.09985462266286242,0.4985863625678199,0.23044351861605084,0.0059571497053776505,0.04326469798032365,0.02241748372964975,0.013990205686837174,0.08548598369147287
18451,0.059603949009082134,0.1720355076108758,0.5482338508631007,0.006239449927203771,0.020004600979182066,0.022075552943563174,0.0059138005952450974,0.16589327705885776
8422,0.8091988396339035,0.006297939042486369,0.11863723205348421,0.004237389896772873,0.014802531446193508,0.0063374544126368745,0.010441765853729188,0.030046810547588856
9199,0.03465631962234479,0.022228583330675115,0.05865808218429097,0.002776515317054527,0.018292789570263996,0.004475930093997479,0.013084161524642044,0.8458277369955856
9941,0.14173599926287878,0.021467899623218566,0.0974453158978025,0.0032713358897390635,0.010120205931212602,0.005863192777941715,0.019844272115749552,0.7002518086326529
20517,0.1008475028955569,0.00616914055302844,0.8661927084343397,0.004844180937965859,0.011188116367312909,0.00232170090201587,0.0034403972508142157,0.004996248799798077
12718,0.33814330050626046,0.3127571547172533,0.1278197372388305,0.007620715460798505,0.03209481143299927,0.026274011821127555,0.04225890722079766,0.11303140822626916
1681,0.047337084651629675,0.035766991907646824,0.7974720059504435,0.0060549347252878,0.014462983066675992,0.012090878491729786,0.005250023350850312,0.08156510539944889
4828,0.029700332453193826,0.5868084362100513,0.07620514868235449,0.022033066991626722,0.012210547852578019,0.09589791312997516,0.006114792559721931,0.17102970635755937
22986,0.8974245176078027,0.0061272464988124595,0.025790998892734757,0.010819497542299052,0.00946699678041698,0.007839278361811364,0.0065948972680286875,0.035936531925591444
423,0.15156711540980355,0.00821297526346497,0.8090672313309117,0.003073613369245814,0.01477269372091673,0.0032454582953071777,0.0046556399592508095,0.005405255869830485
19294,0.18186556883738939,0.049768438984435386,0.6540746236828997,0.0067156187352747235,0.05651103536113392,0.013723246807065326,0.009872863323523025,0.027468581078346342
6354,0.17397339661046476,0.03107521603037284,0.29780666264141836,0.017924568076372965,0.2762565622036232,0.1474443874408197,0.014168911712008713,0.041350279266171144
4086,0.19732893219637462,0.04363129418360708,0.5250147300198683,0.0031248016265283183,0.03513080894332705,0.00436079487620574,0.021568469888473413,0.16984015025398239
3146,0.9425988516759181,0.003511126843883773,0.02538966905540278,0.003023796118732615,0.010342742689964284,0.00517455083395593,0.005226720716808709,0.004732579700952156
8759,0.25600327294287567,0.10322263475429028,0.26986470507391613,0.05140708244170588,0.0548992532384411,0.09129672735591732,0.04802112114627577,0.12528518255748122
1358,0.4867393140047391,0.01506017863313455,0.2729349073642465,0.0075592728058668165,0.10352049714844754,0.018768005959873664,0.057784538937262916,0.03763328868545463
8466,0.2205082638487008,0.036152107507237255,0.07453912156536734,0.026803742283433143,0.030516114210741793,0.5876998037938476,0.006900648650944302,0.016880143238262122
12664,0.4455878429555336,0.05536608358213168,0.19673279386562975,0.004365218206087411,0.11629814529908025,0.056707543160561494,0.021806424980923677,0.10313593067983912
13113,0.3188309363725019,0.13298831909638886,0.10659387340014326,0.04431827645638433,0.018204736231032796,0.3240501921820982,0.009423349997470565,0.045590372795260285
24532,0.9490129685559738,0.0021994188910649066,0.03004915622468603,0.004165157662485872,0.00442342164381383,0.0023502923524030286,0.0040635528826010875,0.003736042810047249
26881,0.3042186630918296,0.05494760254967704,0.27396305186661657,0.023011620959876997,0.0632011917556862,0.21637889687085482,0.011504655728976958,0.05277436355634602
20970,0.3111000854293969,0.06787305797472779,0.30648900938474616,0.029693630201221552,0.04345715274949458,0.1767264519521442,0.015876032740499944,0.04878455656410123
5951,0.264702958422485,0.014822522891340041,0.26395168863904817,0.006687475155216642,0.0315548688391054,0.3933279294978126,0.008606703638648256,0.01634586469757444
2547,0.03834252987125159,0.006775566486373313,0.9297633045685636,0.006842413405552486,0.007999841776234784,0.0023391871947959584,0.0030738377578424705,0.00486316681075352
254,0.6322391945245047,0.006558314938057056,0.24411480955408188,0.0058375738924996345,0.06683406555630461,0.008878782590745756,0.022243809079730142,0.01329348464897429
9824,0.8192780730302103,0.003376029576964034,0.14209010322611831,0.004885541947283197,0.012076090589415677,0.0020564984715042626,0.011979643758636683,0.004258011742649749
27314,0.09272609567337442,0.41891539682440204,0.06553330922342387,0.013229809572119538,0.014476084645150265,0.09298262181170634,0.006331786150938303,0.2958048831535014
13643,0.5727143758402963,0.07594557681064897,0.10813942199728879,0.018508773723005214,0.017852971881254846,0.011228360623073492,0.013058336784859114,0.18255221488929715
7998,0.44347863544454913,0.07105883297554512,0.0890211032272137,0.037561215314583354,0.026261097635145263,0.18184175050537196,0.006744270484617444,0.14403307881332086
6742,0.769851581171821,0.003516519440599238,0.18064272838399592,0.024724378273114547,0.008785026755030505,0.0027144133037327726,0.005509315884158127,0.004256002314060734
25525,0.12189055153610702,0.0906834926872859,0.18869979005904086,0.011647383639324747,0.021851747376806688,0.012815117162608636,0.006001749389992844,0.546410087729129
26065,0.07325309786034423,0.44108059337880723,0.12844030378887,0.006725582434390791,0.05533141796109808,0.13266813277629247,0.006430949570603051,0.15606986134438086
997,0.02453728185425688,0.36586541690985797,0.18153382400860493,0.007862734162063845,0.01577987004365864,0.026408789448962466,0.005240992841172598,0.3727711237468079
12263,0.7234192509543353,0.021228218182323514,0.0463727221091514,0.0035455568230966447,0.046921790771521386,0.008103997425821659,0.013440469879903792,0.13696796812023937
61,0.08315841745388922,0.08248845142088157,0.25436259841456466,0.013069716514092472,0.17050359514029043,0.3069598103320429,0.007670973529609364,0.08178641176952313
25885,0.029491781918779575,0.02746225795749423,0.029214832928977284,0.002820392488205697,0.010006200934700364,0.0038949274525404134,0.007061510553129006,0.8900480764004846
2671,0.24776549994196656,0.012954017940030304,0.11402137072883295,0.07297564622424801,0.010578991179139843,0.5282054041628801,0.00665486130601279,0.006844243464769073
10244,0.5125478944941319,0.009114355865748009,0.3358701249522396,0.023155777689458458,0.032131466559998365,0.032436909464475375,0.0068795585009843105,0.04786397827090396
11011,0.8118382096604806,0.020833251844450604,0.02332784301627173,0.024811417741566227,0.008638343479663385,0.09364836568549488,0.0035007994961036635,0.013401743348182728
346,0.05697152580996814,0.03146717433994375,0.7987432361710604,0.004380792750492324,0.0796230363888935,0.00796688148072157,0.005106584919015509,0.015740701177811633
21405,0.22068796402548152,0.04095267322709019,0.5631031917491915,0.03618150278920063,0.030329075352197442,0.018307092689751635,0.009796608131207458,0.08064193590117291
20226,0.115822467316223,0.30967610406991497,0.11567910690799642,0.02860832411462736,0.029180213084787483,0.08650442641974902,0.0054513590906261275,0.30907794912375175
24838,0.23529434839157956,0.008116028357363877,0.7159461476527219,0.007334105507166452,0.013888515104762618,0.002261350423779314,0.006596342207031188,0.010563148112180447
5742,0.08243527467445,0.3218367371838928,0.4113617571191454,0.009461387578065248,0.043120640599779506,0.04523601413247998,0.011861100290619677,0.07468709163463029
4758,0.3029644244856601,0.017713378695163567,0.5662492234941844,0.008321578486601946,0.012780660555781557,0.06889029630608438,0.014642341277569894,0.008438061751074566
15401,0.8963191383739021,0.004354840298598809,0.05946726220785641,0.004989546943191491,0.010204210461537529,0.002679063532170161,0.006161411764416573,0.015824465346849063
10797,0.6257356602914786,0.028989462870209537,0.09812262332633487,0.0036017969285637966,0.014013763316324824,0.0038840993510347553,0.0059440636985568715,0.2197085152057409
21942,0.038162103310403865,0.03477710901230905,0.03159174600018656,0.840737004652804,0.012464825293846085,0.014902238193585712,0.007623716626727264,0.019741298313246766
23539,0.676599425704571,0.015723909498281504,0.132245319366225,0.0188541557732049,0.029114447343218334,0.0805208803543173,0.009055159024087343,0.03788669904782287
4098,0.02689889943831452,0.5219606273943783,0.19642056721170137,0.005868785585661758,0.02817088426970263,0.07529412676600461,0.004893000483433597,0.14049311583572247
18289,0.11723953617514792,0.06803342216737523,0.6607277578939269,0.007484489480364299,0.07992497975476588,0.03573467473046523,0.006006935082265901,0.02484821654348528
15969,0.0773815535723486,0.009046798552456017,0.8629758667056966,0.0043492027351359295,0.029541911832007998,0.0031772942923357092,0.004405459985709147,0.009121854687084121
3905,0.06491013705508626,0.30121904004770544,0.06682662463736527,0.3031575308412623,0.039843290126182374,0.06443101948885797,0.010657919112289041,0.14895444572273686
21989,0.07747231887892525,0.1595623917358387,0.32679376032547847,0.013311175908011213,0.03597159251618327,0.08010154602583557,0.2609357745224198,0.04585149768960901
26547,0.36098419109488344,0.08846766001171218,0.2369547760425186,0.03631501441466231,0.03733807370112455,0.08505362226059465,0.02347092537107323,0.13141573151549552
25153,0.11441207446587497,0.030028948674472124,0.42567386205853375,0.01150631585980489,0.18605412282910866,0.037672104353939445,0.17755816673144764,0.01709445620299402
9706,0.07062379929097405,0.018061405750917144,0.7726150082097716,0.00566233574972558,0.09767768256561614,0.006831864578991434,0.009153007644701425,0.019374940028029742
11655,0.5782224593836559,0.009661743347303752,0.29183676709189516,0.0063650202829399405,0.009962822797748539,0.005986241999613291,0.004457221928954006,0.09350767005048838
10887,0.7961250035463634,0.01899750549450289,0.04867387946438577,0.0073637579258056494,0.01599865986426457,0.08996272071761968,0.005633974497868649,0.017244523774597252
19087,0.028683870787859708,0.03991872824359103,0.1642942275716201,0.008682073597296294,0.012317035487588389,0.011029142867598787,0.005252196322922023,0.7298227062855245
22570,0.8979364307594064,0.0035379374756391584,0.07405320595323445,0.004714799375111535,0.006600623162809123,0.0022136094100104293,0.0064539835774025,0.004489434163168762
16588,0.6547175284147125,0.008463598408209132,0.0958961897892578,0.006761657309717656,0.10735706807646442,0.10447489623725517,0.008919452139941969,0.013409525898541804
19524,0.25095371688128093,0.1062489665658731,0.26556962081053137,0.05079159870235457,0.053728276995453406,0.09949251671479166,0.045356653120256454,0.1278586725612003
27327,0.04945182137592775,0.4910025914800024,0.12071177948634208,0.017840676760464223,0.012185585562066155,0.08100246838731655,0.005308385503781858,0.2224967331557088
9802,0.041090866727146416,0.06875834712863707,0.03590242123688316,0.7499746591318938,0.013207762077596075,0.0450220769891497,0.00658040048449974,0.03946344914606634
15658,0.03324501877851534,0.2156860744569068,0.03471138370291149,0.010052241963039537,0.010122428773284899,0.009790877256068004,0.005297778564639547,0.6810942374362615
26686,0.8701728425287624,0.0031612821567222954,0.09116948221279883,0.013671487968448536,0.00865826263054699,0.003787727605373885,0.005553905239907654,0.003824984558295955
27649,0.055077603168666875,0.5986091802965767,0.15137620541661387,0.005890175925745372,0.014057090869558201,0.057629442326703424,0.007899924708196428,0.10946038580954058
21404,0.05676412362857318,0.31713455740901497,0.18945292800908448,0.010823309146772611,0.016017840763241923,0.06560372549040283,0.02324761983355521,0.32095590633206655
4928,0.019830524197677873,0.26631667707234286,0.03321584444555832,0.0051358110588970865,0.006024323250545986,0.00805508542211734,0.005825233273497644,0.6555965277645761
8701,0.03044853471684598,0.031100840948012975,0.011621637679233585,0.8731337233968365,0.009415837648028301,0.024636138073024942,0.008162673215735248,0.01148064389177415
9444,0.08528660606847886,0.03263635407799494,0.7290469392540088,0.0034129877242304084,0.10117246255903584,0.006155687621252474,0.02212884057881319,0.02016015489874015
21570,0.038597049468980904,0.03568373773706289,0.026652498449488096,0.8512874913766157,0.011021485489325472,0.008942872248844783,0.011361042020462122,0.01645377787709377
6154,0.04083365735382987,0.022061015087355716,0.028428739810372014,0.00292471694228099,0.00983907789724887,0.0036885991378757263,0.0045620612491822496,0.8876621241370409
10861,0.2633052188340647,0.10583393742180512,0.27801556193123284,0.043257523707693854,0.04829129236087721,0.09320945433609594,0.03715261118613095,0.13093440022209935
10233,0.055858610163255266,0.1129831385275148,0.22258437635436673,0.26491469859491934,0.11819509411383379,0.12928487453096532,0.009554820349487375,0.08662442219712164
6066,0.4327193398847738,0.05284767205215429,0.20315511738348407,0.027283244125805368,0.03983003210137293,0.20417205913372244,0.013585022800255796,0.026407519084255433
18155,0.33449994200001354,0.09355085018178538,0.24362000359328212,0.040168493088344775,0.039172545307612466,0.09800658855858879,0.023699371748569658,0.12728224789698037
6871,0.8912597033979152,0.004128827312874993,0.05140191473970561,0.005659764290786712,0.015860814526123684,0.007708565359271062,0.005419525691232146,0.018560857510754376
3553,0.07116229670207781,0.14960980832836202,0.61788627133791,0.004771130337713018,0.029886978154367607,0.03207079390565725,0.00523190771306806,0.08938079482454346
16463,0.6302467703805354,0.006725941588056644,0.14108523535348638,0.025284239130133127,0.010514076278465545,0.0133682462757006,0.01626183651869375,0.15651374001690696
25967,0.14558945638032192,0.07646501147689465,0.14486607836498888,0.0029100510767449796,0.010553913147832593,0.024768959907117395,0.01883974360605792,0.5760067812349992
15172,0.9470108864875614,0.0021852660312710295,0.02638397344087993,0.003690334366141151,0.005940331478311362,0.002987972914655325,0.00610730001073522,0.0056939119000686015
2591,0.0977585299442923,0.010578662906031317,0.8147011914454759,0.0029837463673414253,0.049475506188491815,0.0036937327741719417,0.014718008788568824,0.006090609268885344
12863,0.5583109023762554,0.008332969463969359,0.23493811622345695,0.008597525700385352,0.009924683269647266,0.0036709007858678616,0.004489852697230637,0.171735060574657
8090,0.05660310280069909,0.04012918473342393,0.07483517623231072,0.011420717903820241,0.022381383894614214,0.7821646561890994,0.004402456778084858,0.008063381026026233
21348,0.014302865498407234,0.4748732358755163,0.04209170494489956,0.025323655143076673,0.007375230258352364,0.026137672601898032,0.004139778063602095,0.40575585458744934
21588,0.07262891291277364,0.1847199288253929,0.575452428768657,0.01607344695134399,0.014192044901945774,0.06554886203798277,0.009070605648335783,0.062313800314684024
23497,0.48783817915368793,0.021389166045443768,0.2702411298846329,0.0738054430727106,0.03879161199589315,0.06259926979265436,0.007106199588810155,0.03822904209628622
11245,0.8843424894415808,0.0066973718820708345,0.054408317351473,0.0033887927812260893,0.010277450621127506,0.007267704299013505,0.005675826864849453,0.027942031659591568
19097,0.7920576366548884,0.011202960682154133,0.045863154039881976,0.003935582472307128,0.009366780832241343,0.004771920599789322,0.006630364557914619,0.1261716038744718
9062,0.10839038632210457,0.07233984185092605,0.2383864913060318,0.008557693121578128,0.06739716076461648,0.4778879363431008,0.012664572616330586,0.014375880515540902
11896,0.2996823179965344,0.01013177526467214,0.5941902259361882,0.00569494676401602,0.020909498081516622,0.05272959942106839,0.00982426322603076,0.00683736266961312
11336,0.23157270635358979,0.008629611437983046,0.6916587282780995,0.0034287194268778514,0.041244820466769756,0.0031252962288174247,0.010345797279131309,0.009994310028069376
14563,0.22865862223962874,0.03752589857923009,0.62699391389557,0.005162306025996246,0.015528231139654132,0.004642179722837425,0.01269897039557404,0.06878988142411975
7410,0.5655982020056209,0.01677440497437984,0.07076311357485995,0.0384715478869161,0.02803334926478395,0.2461231687312062,0.005297685237858513,0.02893858527474989
19408,0.35934561429710526,0.04021266403380111,0.12376206874248308,0.006948812427871211,0.19054728144331304,0.04463842425492244,0.011329733185289813,0.22321538461857704
2586,0.46235924325728933,0.03896976698447376,0.06755171493186364,0.006910669319812912,0.02135080149871566,0.006197255358090277,0.017384821150327304,0.3792757040999474
15151,0.2462145623940886,0.08531432147327193,0.26746905037435215,0.035432238041614744,0.034933317632106484,0.07080327940963696,0.02210127383158283,0.23773192657536263
3504,0.07912936232537045,0.20225500189431286,0.1995584332256207,0.0038652853232251905,0.011766039980342206,0.03204174010287601,0.018727263143851043,0.45265691400470603
10419,0.14057116228981553,0.11416630715759982,0.14608999218414642,0.3541015824476228,0.03370125932275154,0.1288782766371421,0.009077831594920338,0.0734136198447045
17618,0.20620415272985534,0.10670156207416598,0.5047357543243005,0.0034595373142524226,0.05064645250382039,0.025888800820236035,0.01874434216587451,0.08361936910190747
13560,0.3179884629438954,0.08050619756168613,0.25641774337463363,0.035997202563403885,0.03617255317310223,0.06995159063550992,0.022492673014477636,0.18047358837482336
13984,0.04882328093712888,0.22472517425206218,0.08830073874233657,0.025610442711841055,0.019591953050556884,0.5085183862025933,0.006261477144796288,0.07816856756419682
9819,0.088939768677404,0.3250665541324967,0.05122701043697368,0.00416160044088493,0.012883372017148516,0.015132070877219631,0.0070120762706145845,0.49557752692591656
23949,0.11728597764376403,0.023850254655064282,0.7373843249982771,0.0051622347736930705,0.026859596371996294,0.02329329295427854,0.006478795250267349,0.0596855091034239
15002,0.05889410549089709,0.21768304205136518,0.1752727865034606,0.021056833058950255,0.0528218096855676,0.02794594224776322,0.007024302605583035,0.4393012048525402
3875,0.05254504220252134,0.17470868511569776,0.39831727152612056,0.0665556063592484,0.06634479014432956,0.018148217842127296,0.010011447677915784,0.21336895133236503
26471,0.16050016462677258,0.09652363719218583,0.44783370772303466,0.02192335360674616,0.023163991502375164,0.059494372236395976,0.006010161487861255,0.1845505453610272
19885,0.2513613962197602,0.10396591293427253,0.25446713711516217,0.05559271352958886,0.05631801189106462,0.09926743348412898,0.050080678349786474,0.12894673324004247
5756,0.2486331243848251,0.06294239305415686,0.2661131613780674,0.2549099481468706,0.043141137513141026,0.09457407488340562,0.011363240701896286,0.01832292729508539
18070,0.17325993233232787,0.02547104830867521,0.6306098552890474,0.005573534274966515,0.0674550038164177,0.07296870992997392,0.009012404986489253,0.015649467220091893
6783,0.09453652494914455,0.007954961155909122,0.8628060766517472,0.0024832113862733305,0.018179166648516147,0.00292430634999139,0.006005824221315052,0.005109970513149547
15975,0.8193084546497,0.011123351145003884,0.027734215485196854,0.009836354355760031,0.008770005951241971,0.029673019327022473,0.004464828851823184,0.0890897472887916
14779,0.7839112679389015,0.006959466525901381,0.0734567332832032,0.06535849248834032,0.014138237413611837,0.04325902697898339,0.007213099616977876,0.0057036652068522525
19237,0.1699138716615753,0.023222695206195593,0.7036865902089118,0.01462702882368896,0.03523161899018909,0.024221975666075438,0.008209208324936214,0.020886984156639095
26473,0.7465708494480985,0.02388197462784468,0.08400472044019738,0.005123850535742749,0.02398464830792571,0.013489755691086276,0.011844158271177312,0.09109994798570457
21311,0.4012876861922508,0.03260283072199997,0.45858128448686997,0.006670274302602046,0.0323095316323419,0.010817255594251842,0.013505001607625428,0.044226203495172096
27551,0.927312335164594,0.0021948063242836647,0.043424457916827926,0.003843227107133409,0.007663077705870806,0.002045822961119522,0.010634929373269014,0.002881282216080389
2705,0.028747392153366087,0.447546049442461,0.08179309490326483,0.008902794722980624,0.017745970202371963,0.02107425442714227,0.007754723662519988,0.3864357322671238
12514,0.16683715554990552,0.35574000300190894,0.23930360021429367,0.01128682194972995,0.026908563995694242,0.02882171166778591,0.014806562141662163,0.15629554860333272
26485,0.010342708746412618,0.019607632991900995,0.014994463973871967,0.0025142118050372393,0.005144894784372515,0.0031679749280456447,0.004128379057267526,0.9400997884497568
8906,0.17833530387808677,0.06761637150736087,0.141511375765937,0.02980318185025639,0.03635257377995312,0.49767090442390255,0.010001206684501291,0.03870908183060529
674,0.14383300787203773,0.40608983297785683,0.23143079300997207,0.0350998062758359,0.04651250989136513,0.023957970184199602,0.031129410371174494,0.08194669482520224
9391,0.7582605220782928,0.009601990497856254,0.04698410796930149,0.007825374313301197,0.015148018654324384,0.022970239611868646,0.0045905279783218355,0.13461924694118454
7712,0.23589051098167746,0.02938932481504656,0.6026550171390732,0.005137109320199737,0.0631142757969424,0.027767222017290996,0.010753031829593598,0.025293523420432378
17681,0.2336721516648437,0.012124270202360508,0.6796291778304584,0.004291205870985619,0.029539117273679836,0.02469723932970034,0.007192725345487329,0.008854091271612692
15221,0.6530287325350103,0.029644359395484092,0.09348110875732862,0.006935274833001348,0.11433406095201154,0.06322767954987263,0.007079992590535332,0.03226880782459963
11436,0.9400790074138567,0.0021533252570540957,0.03326394563739079,0.004605769941010643,0.0052771157121619,0.002198692131577018,0.009814726207746219,0.0026073720141923207
23356,0.3671462267343947,0.009529745552391018,0.5201352281341075,0.006323969739986798,0.024315110832486917,0.03798817637542007,0.027429851551821306,0.007131653826488727
25632,0.05265255759403833,0.02453089963116351,0.05753864383247044,0.010386249549486252,0.018475477558572928,0.8253978877585377,0.00428596182008522,0.006732310509339593
11684,0.031055319444264064,0.540609955735662,0.036246885905007555,0.1523873227909107,0.014212684281093865,0.03780462908987534,0.007767972752882718,0.17991516464474214
14883,0.2907488010196275,0.07030930834109102,0.1599631103513189,0.041467153019248464,0.028605115972752074,0.3357103611119075,0.023530646621337244,0.049665502165733316
20302,0.03439910757309604,0.3460830628071972,0.17934132069737013,0.12406481222904406,0.08258846100464867,0.05599163045387224,0.005963004607105651,0.17156859662297883
21899,0.08443667117437911,0.05571498646989574,0.7205124226049769,0.013488933996185717,0.0467695940798991,0.010950036980883645,0.04784276654571083,0.02028462283983471
15954,0.09208324704960844,0.06886807470694593,0.26077719778732256,0.01649902500360479,0.08234861235345008,0.435026688068351,0.0071711793189457775,0.03722587071679263
16830,0.3394456895153785,0.24151139343562505,0.11401605176064074,0.03353520530195598,0.017952618329529754,0.07457324453104731,0.0060557875286097245,0.17291007979565196
12111,0.0896850719778076,0.02357758859492228,0.04792255656329198,0.7552944954308046,0.011447783538699961,0.014531790809393673,0.014088806061061667,0.04345191517309074
11862,0.07542317491195069,0.2824832472818263,0.1536936221521994,0.05289904700491119,0.017198561264629174,0.3480786694179389,0.006690059447236775,0.06353368122059984
26342,0.6098349748479402,0.0109720453538038,0.313145446499461,0.007449889061264205,0.02756667660172276,0.006823124506738695,0.010939698673696834,0.01326816829723034
11683,0.8648331550720337,0.005037790333542722,0.05484476729973966,0.014828909409880797,0.011783552990435294,0.03290771859800249,0.007322363266052569,0.008441736487771592
20741,0.014587157647637088,0.43860290715375005,0.034645231988906726,0.004809923462591845,0.008643673719523766,0.011457266948754529,0.0041853708218186885,0.48306838847468686
3927,0.022278116054940712,0.634252492379432,0.07257587223111933,0.013381239669429092,0.008969073045250924,0.08817940451741159,0.004920537800657019,0.15544330449997001
17864,0.7970603501176887,0.009117095796122467,0.08032186064160259,0.011359905193060581,0.02253354993361811,0.006698363628733888,0.011355966569165344,0.06155293564059025
21896,0.02628551064807292,0.3346313869250404,0.04062032941322924,0.019841097355737327,0.009434662799992544,0.01438727715290438,0.005112822711355384,0.5496868950424253
13268,0.1033466111946943,0.034413459789227496,0.15809180496610276,0.01824624808088256,0.15766259017908554,0.01850825340564008,0.4707882393193552,0.03894279883921201
2521,0.07737905010815493,0.022212900739462492,0.82711162828641,0.004433006767003772,0.036242438566667215,0.013352527999125239,0.010646415334307846,0.008622087953076476
27553,0.17104570104947092,0.03467198556334203,0.15399902545954855,0.010288260386111272,0.34563607239001604,0.2412598132986542,0.012047631117464645,0.03105160391421581
7341,0.626069691115505,0.004576608924968764,0.2406131686335567,0.10042216306790154,0.009236770731596684,0.004647644044239589,0.005519660163003907,0.008914354821442103
17027,0.2703861911509429,0.15670921883818464,0.28532507064716645,0.08236520912976229,0.045387816408460235,0.08704968366652896,0.02314200657407753,0.04963486821866359
23178,0.06799269521168629,0.08239653583715906,0.7527463264576725,0.007000239976626906,0.038307466079099635,0.017158977878071704,0.005844894438501111,0.028552844481918
17738,0.0686718677297576,0.15582470671630252,0.06604251793918124,0.04775551688622736,0.015825499775030893,0.6130027109814554,0.007522714958115016,0.025354441241921107
148,0.871227521078135,0.011841722018416675,0.05062237462042411,0.003745524345254932,0.013081177356928502,0.004581107997910061,0.02758438082138611,0.017316156526992244
9508,0.08598695796119515,0.009229102564870957,0.8648835823251989,0.006212302703612848,0.019896660201289676,0.002711133337253264,0.005019330140222496,0.006060977751580501
10373,0.15294443660006235,0.035168273146188936,0.21066627064125074,0.0059662626181365575,0.03229054745191262,0.013447083783787894,0.012049586838973128,0.5374675308171813
25597,0.09164566612744622,0.042954919202739125,0.7065081735623393,0.004945661650001418,0.10884978624110896,0.016898791875075897,0.008458939727432052,0.019738111509463842
16300,0.11088641677765812,0.25585481603688115,0.12418905040509143,0.028605274944714654,0.011086690524634079,0.10822049788646851,0.0062167143446078335,0.3549405312102685
27369,0.0753909490226321,0.5219216877329281,0.16665304547553553,0.009494406273276473,0.022426381632900276,0.031950942846272166,0.008710401386146628,0.16345216691072484
23931,0.16247656958456255,0.054724894546504005,0.2152218557461765,0.017517107823385395,0.0178802526918879,0.02370499015474225,0.005953115661892275,0.502521226061024
2811,0.2543527266446469,0.10168316835525636,0.2867687699063315,0.05022852663521852,0.05061241156679023,0.08902165023005024,0.04059528290607596,0.12673748610737207
27886,0.2829306658726681,0.09314047183762997,0.2903924590528838,0.04227060868169707,0.04830032243251955,0.08066891278733812,0.0374229719956658,0.12487359758414594
11216,0.018820804745026197,0.018811163183883116,0.023061523615342014,0.0032914453264805397,0.007401115189174227,0.0044839658190673325,0.0044296814236178894,0.9197003900403473
26350,0.06575049321555218,0.01061171800136163,0.8967524177495068,0.003377363071602298,0.010225896323772377,0.002412542319963436,0.004786921757944641,0.006082624340532914
18496,0.7963537919204607,0.0060144330707658025,0.11906402762183338,0.01105900562048489,0.019424068993747913,0.016504836695680158,0.011784457471144549,0.019795358698862564
11059,0.25499567297377035,0.10618793419392976,0.26504098126355324,0.050912919800935756,0.05388127430388883,0.10014585431422465,0.04133566654571421,0.1274997133677895
3724,0.06756085922311401,0.22146613504268864,0.32851368119048974,0.029985298888129196,0.018678943856736983,0.13777941388347612,0.0064271086424869586,0.18958860651421594
23381,0.8701580181276437,0.0025866240677358313,0.048697816992101337,0.006330021891151591,0.014078231880784454,0.047652481344088976,0.0037971628210473197,0.006699580441909623
21234,0.912868463547563,0.002793417340174712,0.03558698369222509,0.008188139626437923,0.01287845892926951,0.01527321317632796,0.005318373384100602,0.007092947480829519
938,0.02215200929129283,0.505638013374881,0.03056806984770299,0.011343614189834974,0.0065980967999605174,0.01568903999410033,0.004198552845597532,0.4038125911128788
4334,0.17292766537150117,0.06247007160164551,0.6230530556112244,0.009011000652852649,0.025895702933923345,0.028427461270179158,0.011160661924045186,0.0670544337432984
4069,0.04833332109965997,0.47578489065064383,0.30062637969107603,0.008028320818063154,0.011389815638630296,0.020952219035773084,0.008623270860972872,0.12626175454490035
24307,0.21576129871888428,0.06408333239348887,0.13242173565713236,0.018654348774262662,0.03294145994572962,0.006937141891281984,0.3010309080607835,0.22816981784165336
22936,0.5086521364820156,0.05167994035044224,0.12743936878069434,0.018968010307039238,0.05187140584422763,0.16504386066078933,0.0061574861783788805,0.07018776490028554
25232,0.5971859870274331,0.05720695195498797,0.1018932003330937,0.039022974878417827,0.04791435809601633,0.008856059032288047,0.028495172594013962,0.1194252680975056
15502,0.8153503916147233,0.00507219555461052,0.0865946802449817,0.00951776051765027,0.020541480541322158,0.024763397455231876,0.01197920775101537,0.02618087542399054
19844,0.051066635806553046,0.14135520727679265,0.5347469348885453,0.010945145427124233,0.14768836931223045,0.07268585470651917,0.009251758821961054,0.03226006832352622
18653,0.2411970016597683,0.012510369609520951,0.597413539612992,0.04951408989557794,0.05391461556316745,0.0051307445629203445,0.008882283211463147,0.03143732550019076
4301,0.01755077822645443,0.46243572895760354,0.046785889106475916,0.010199884823167901,0.007193922260788395,0.12088292663006049,0.004742406301098584,0.33020843607772593
7442,0.08727810556115251,0.17195744219561693,0.3026709741646836,0.06103920634064804,0.21025715389470379,0.06785258932357166,0.017168999425916345,0.08177555787157464
20280,0.7153263146986045,0.015931992900521098,0.052214033240055864,0.009295366625427327,0.018397253868325286,0.008084043210229302,0.004068368276573126,0.1766825953057484
16866,0.6497802214114282,0.008598837027905041,0.1256319852985314,0.01165934581772025,0.017581927589566407,0.006790373435518663,0.006626925963755985,0.1733303734904224
6461,0.12699052141377576,0.007056602276523349,0.8358177860698317,0.0030396546362062467,0.012309632455946252,0.003029173645306924,0.004842510259184553,0.006914223676136208
8166,0.17743971519815788,0.013969919938466885,0.7571510718502857,0.0025061730310666505,0.017047531026516363,0.005214762842840806,0.01381919757451804,0.012851565684787828
10390,0.7989087498437081,0.015524663577183823,0.10287501955635728,0.007232309107188686,0.019436194658351027,0.01636526832307824,0.003979698231909239,0.03567808898388775
22095,0.09489206254470521,0.08056408869052555,0.6742620586348984,0.005106209503111572,0.026341414765038346,0.07692258581879431,0.005489757528715455,0.03642187171132622
24640,0.03655578524336585,0.6872062494960831,0.05070321813334318,0.005487487899110094,0.01103300087584112,0.020091067414229974,0.0074457683789286595,0.18147739725040707
24001,0.013511158260946204,0.02113911461517641,0.017212042653922035,0.0025903088849998784,0.005410519989814388,0.0033322089258876588,0.004160088110212729,0.9326445117644468
21211,0.2640701767394263,0.3473840385937542,0.13408175188629382,0.010558367967626613,0.023615037440642386,0.06606347354636918,0.03392793182465179,0.12029927176296493
15052,0.3494508960311618,0.062233061596918646,0.16063100600389185,0.07589274753955262,0.026697513197132094,0.24536438188418624,0.00966135030923352,0.07006898630128323
18884,0.9304858094615577,0.003624359401735043,0.025536101541781448,0.006040004613044171,0.006816078767627319,0.002752113078628514,0.0059755448325383475,0.01876987722540808
15944,0.3834353992978188,0.09611195934572205,0.09173798937257545,0.019228085952354534,0.06480157804306536,0.1299658749689255,0.006887950037344172,0.20783113918690244
15267,0.3421893759846,0.025479790061981904,0.04634000048366056,0.02133677646766645,0.018021016825765426,0.5307921782467008,0.0054427255587090285,0.010398110689695818
18620,0.5799480383054221,0.009277203728153613,0.19155724777182248,0.17137804962902684,0.018131593134867997,0.005840902231582018,0.01007263694430466,0.01379431458766144
11754,0.2602351376125702,0.07690737295364955,0.26573219203247345,0.006417279282282799,0.01730018804132279,0.00769499032720135,0.012373277890229049,0.35333952743626007
17346,0.31220781461849806,0.05003678575034737,0.10322523616056414,0.019330484214722842,0.07922806409461106,0.3700639781086978,0.005835052394306009,0.0600725773008044
16845,0.17831368283573404,0.09057514623124262,0.14293704182393227,0.015340415580963187,0.04184923967782885,0.42572114309922876,0.004058733948735888,0.1012046361623547
13326,0.6451963445991082,0.04115096460600279,0.16327244148905457,0.01206033981427096,0.023919226295335463,0.012181848815269902,0.006067135446867872,0.09615168247296355
12083,0.7677258616531855,0.007791346388537821,0.023708710603386224,0.004379635887799144,0.007504804201502856,0.0030365226162591876,0.007010894262137692,0.17884227293238078
11926,0.0175280308345487,0.04092426281412663,0.02323997282153605,0.002969049516269794,0.007652359056606277,0.005636462479220939,0.004090551629995151,0.8979593962790804
23745,0.7226812078222855,0.02736290107939068,0.043893831191054083,0.017755931035656293,0.012796523600359239,0.10604054800441123,0.005996862043792931,0.06347215554870823
17892,0.056966191889423,0.09475262183991817,0.2741228409054029,0.008942749600729357,0.010784941515712847,0.38799592142878236,0.025360819172867775,0.1410739115342255
27100,0.10597210602504634,0.1374405540281934,0.5754111954657716,0.010922154236934115,0.05569893289122678,0.07304251867245183,0.008629234301900563,0.0328833170444624
18307,0.04235091119999202,0.3598082362552776,0.1399025586088015,0.006435499908801608,0.0426282502106111,0.01503972989902007,0.008450081422967173,0.3853847615285102
11746,0.15492419511012057,0.1879170576442563,0.09616190970891296,0.027225402476546073,0.024970298435581698,0.46023738677880544,0.006849433615709771,0.0417143717834586
21156,0.5335886486597169,0.027412763953164995,0.1380618649987622,0.1637138373060689,0.0191624832860467,0.09735150128536285,0.009128858279022134,0.011580075922449438
21263,0.04144913040303484,0.0071543907913811525,0.9235243687636244,0.009330674684496488,0.008195183814229802,0.00217328705299268,0.002632678874301627,0.005540274344025345
21099,0.9237365453888782,0.00268837126120511,0.03374155948684073,0.007808909618668267,0.01068695698044926,0.01046235867993014,0.005324819921410997,0.005550459308570179
9455,0.06990430836209145,0.02506143547244662,0.03928266688971714,0.5539740003535563,0.018769946549309097,0.2670606718125604,0.00796804339493911,0.017978977864252583
23390,0.8436024924073698,0.005863418711075019,0.07122610967738985,0.008569285423598983,0.014319356299075577,0.0379653120234161,0.007730151667272631,0.010723984711320559
19517,0.2714246308927824,0.12717609188435625,0.17627359832511993,0.14224563583352662,0.03827500876855884,0.14374313933039795,0.005922272509712062,0.0949395697426882
5036,0.083461323954561,0.02222903845970186,0.7629142536921343,0.002678277054709708,0.09202118702042215,0.005495376010307854,0.01539640875004078,0.01580416388255597
21500,0.8346251566293781,0.007808826869826721,0.09774990451877112,0.0067382248443264075,0.01696282503453082,0.005571160961309992,0.024906404866458655,0.005637430966402613
17857,0.06936272239936596,0.19478510414645842,0.4848611088380518,0.013327206536124174,0.040070893499821396,0.027948649559899896,0.008506920243409556,0.16113738062076563
7822,0.19374806793367833,0.04697796368964839,0.33137148922027676,0.05027410852610844,0.1000449582852905,0.1993867493599759,0.008374222428313125,0.06982242798385375
9671,0.06567082432744042,0.011684251254676741,0.8594614020417952,0.0024955290977506403,0.03442265190430257,0.004197755745092432,0.01638121409533759,0.005686380736235518
17042,0.7546916466137872,0.027888483479839788,0.05476902485318163,0.004171001802175094,0.01459593941440621,0.021978422156630314,0.020737452825344317,0.10116804446593014
23033,0.8365912069001253,0.008323525503572203,0.10186073302923998,0.004423882134566227,0.026093456939368702,0.0029862841455719135,0.011164568875823452,0.008556351135942386
17625,0.015092784153267778,0.018323122731518503,0.020834821403861083,0.002601039830702042,0.005929957085191555,0.0033557024068874486,0.004614273059784305,0.9292483798911002
13690,0.27058071380342136,0.0975702793642405,0.2905789800945065,0.04196201198079807,0.04562040168784383,0.08371514151826501,0.03295346441144723,0.1370190006202195
26712,0.33135679638345045,0.04621780830170854,0.18081556549904185,0.009576594975224393,0.16289442176711003,0.17757994973865648,0.008034029087691845,0.08352482158112938
9505,0.8884646378848181,0.0027766001540386713,0.06933713795281962,0.009456672327067046,0.011586583835773597,0.004159581235054996,0.006734358586734233,0.007484436644248272
27842,0.2374848656751772,0.14929413631838206,0.19157123906533746,0.22853286012676427,0.015967346638193443,0.08723072503637694,0.005322174572367976,0.08459667690402359
20969,0.22828356345114614,0.08689850938494066,0.06122223110884303,0.014454742773122666,0.01916321121715746,0.5394394464501552,0.0055568744911363155,0.044981421647367494
16608,0.02139323859808417,0.13694319535531904,0.10601257517122276,0.028753459237804063,0.014816206615195029,0.022291576510781865,0.00518585799100497,0.6646039293334564
5447,0.11696019083512536,0.04796767333796569,0.7584209262466948,0.0041792537787258615,0.01629113411819803,0.007360175846747467,0.005603078368723841,0.0432175239983377
15842,0.25095371688128093,0.1062489665658731,0.26556962081053137,0.05079159870235457,0.053728276995453406,0.09949251671479166,0.045356653120256454,0.1278586725612003
15978,0.030700525546757115,0.0350510637343645,0.07700863311113701,0.779749266119326,0.02151736934234128,0.02997398004870744,0.007004447289936464,0.01899475203705
10594,0.0788738242056985,0.004598357247165517,0.8938472660132829,0.005167233552179387,0.00791588043454837,0.002398154282316515,0.0037099553457729945,0.003489260848086836
4107,0.2114610895921184,0.03166666184326815,0.03908710560048435,0.0033175171597232666,0.008676603880499482,0.004675098262474158,0.011250312809070476,0.6898655895032468
4689,0.04874143007928984,0.023616237284879354,0.747840975393664,0.004799132664179635,0.12916942761858904,0.012723040075181866,0.00596324849026122,0.027146527066972674
13986,0.8956570606605876,0.008887667793714063,0.0403565280071533,0.009142243398655867,0.009026850617678661,0.006164246820085979,0.005483690408297813,0.025281616297752302
9844,0.1823935371895791,0.2213406873177759,0.06725421868748512,0.024692073658004708,0.011905586395299933,0.40681645699920477,0.006459599613805535,0.07913784926580608
20376,0.6607434213287033,0.008269543479351374,0.22775839710683238,0.011009070249007184,0.024942562946460568,0.022756088990436206,0.010946107360791608,0.03357481617526241
2881,0.7121863003886925,0.015968859676767293,0.14270066759747832,0.014711315880485033,0.03266992573313315,0.007421677488043073,0.013130880849373971,0.06121045089651969
20999,0.08818707733830741,0.27620064814339584,0.05598292231365454,0.010820848520648194,0.01419180450980926,0.13452434443307973,0.005552509370956672,0.41453988931693236
1448,0.8825979146085099,0.0037605021163485,0.07539895649634455,0.004373945177173156,0.01051753759479117,0.0023529741046613983,0.016929613178803603,0.004068553567421056
2274,0.384187256647238,0.09435088830847925,0.09535992739301107,0.17123782188519795,0.019860997390218925,0.00891127441706444,0.005554983932000176,0.22053682474138223
26885,0.1990878079341992,0.21332873349773063,0.13521547582216537,0.17414348223398332,0.05940378107424939,0.05732241595411098,0.01576044942936957,0.14573781978152078
25051,0.9303271481319931,0.0022448568782451103,0.041011866024508514,0.00462873747703656,0.010107118013381197,0.002256971194561648,0.00570503739131602,0.0037182136764026103
6880,0.07297782393204283,0.07812126772304098,0.12013158525695593,0.012470307358224708,0.04408961547412098,0.6403118017857442,0.005110399525266687,0.02678719910758511
20119,0.06339466867114638,0.17583819730237327,0.04790966396689961,0.43349627329120843,0.011239022813541479,0.23550725796914104,0.005357172270961575,0.027257704337245642
22759,0.9015587985793344,0.004661809912406278,0.04208364829317174,0.004076878798362464,0.008836054469351873,0.008985140583196105,0.005516113333549847,0.024281583714190865
14467,0.09872479803106866,0.08000614288209405,0.08525886088329475,0.5264442260084954,0.029200738913395828,0.13800528856139238,0.01233616087104129,0.030023747713901684
12429,0.04331027581311099,0.012912734904050737,0.9171054680679038,0.004022122822179218,0.007512394293338285,0.003608943540582785,0.0024527525498698687,0.009075256032433414
5621,0.08339804232431061,0.18020460400685134,0.4280838788461084,0.011796910948232948,0.01465679096185728,0.16157521937249686,0.047233901373861395,0.07305065355635285
21237,0.8590892375720944,0.00833055061658531,0.03555270900840867,0.015942048229123307,0.009913095924270105,0.019265143285235417,0.004422497671460343,0.047484781732890856
3127,0.6811984879012296,0.05672289403718429,0.07999856788870921,0.01736160273394334,0.02419329278745525,0.01704716773882734,0.00956932591782518,0.11390865200756291
6547,0.15818014131057878,0.024217919872830156,0.44843541297417827,0.006031108506085535,0.06724256938286165,0.006450734518557302,0.2531296760829612,0.03631236510459839
26807,0.06697158253766668,0.024489088280642227,0.777760259340276,0.005316795286468392,0.04064509813499446,0.0640162432293221,0.008739882865014708,0.012061060063757123
12126,0.7147668419470764,0.012144472912954542,0.07644550143555469,0.01131798151197885,0.010177920972110554,0.009907678522344286,0.012073013209583407,0.15316653048911205
40,0.2020786083040696,0.41707465508122,0.07232710420107404,0.010823463132054758,0.015174278795669165,0.04471072516471009,0.008901413620060963,0.22890973610148826
2099,0.817054181220858,0.004231386323984239,0.14160098133377025,0.005990178745182656,0.009731584000313683,0.0022170111297519757,0.012704123009962634,0.006470581454078731
20067,0.12214507535517971,0.12702514419502833,0.514866558345472,0.01996934013685505,0.08139225748626219,0.07937144879302961,0.010602718520631858,0.04462749754037476
7297,0.014649687765092427,0.025293255535473843,0.02555537970459272,0.0027832418034399098,0.008414696193157652,0.0037921271998933286,0.0050536816985403445,0.9144579679551619
26029,0.21332507619440982,0.007865315774217504,0.7231225382965488,0.0030352003240629467,0.022723725104147004,0.0059517944284856105,0.017543023815326828,0.006433332072742395
8,0.7503026990471873,0.006020350959739417,0.05574144210320399,0.04296675690027783,0.016577188212085484,0.1012282577941219,0.005209474940993871,0.021953759517988232
25798,0.19948625600047273,0.10234139713019239,0.4541562392264342,0.04401133123630808,0.03440237141303784,0.05415950483698974,0.006574700169223543,0.10486824059300567
9281,0.6927582764811384,0.0067967568381146265,0.09584542411001044,0.008256720724167528,0.04026716647750076,0.007121825884679154,0.08079003171019507,0.06816375614407486
25473,0.08924222175843588,0.059516675520196335,0.3039743200873561,0.013543213089431296,0.047418695700913206,0.0800307022873364,0.389414658132603,0.016859524599598653
8536,0.057026529569090115,0.013918412632199633,0.8826484071485146,0.003675106415465787,0.014178990197251324,0.00783218854248189,0.007362887282614636,0.013357504324338644
25381,0.21002477168286443,0.06034643771171614,0.10475874843532998,0.023651053741883758,0.02496823594658597,0.5115075281512631,0.005974424180256525,0.05876883842745784
10440,0.12157628695296067,0.3125464245894744,0.22770295772682497,0.013539279315060054,0.07005045978507714,0.12574513616318556,0.00724655632339988,0.12159293229910095
10536,0.13421913352523146,0.06369158566389954,0.25005005254736,0.34405609215682775,0.05655304248002079,0.10689394114770188,0.015300438234426367,0.02923580020560579
25033,0.028981463808858757,0.5271554980409563,0.04207971532322194,0.041642254151631704,0.0072532742671308145,0.0727394211530904,0.005793826843054184,0.27435457812358954
21090,0.16333576148171702,0.014533957587637729,0.7271697947604204,0.0031822891550186165,0.04888221063906499,0.009296431423139288,0.02649470163379957,0.007104790513136233
16995,0.8022071439897491,0.0071977521751221555,0.13880987203387285,0.005912349999268166,0.012880359937020717,0.005843731009758479,0.006890399839016137,0.02025834400768529
26899,0.06838827233178861,0.03908585403988066,0.7028974514908681,0.015558542558545642,0.02203775266040324,0.1027648829903407,0.013899474208089204,0.0353677352611485
27129,0.8108296913768409,0.016362880896432133,0.11336506307432313,0.013229945582074154,0.017829529718336738,0.007554916011642302,0.006826076622356504,0.014001879907621587
13621,0.16923813078141242,0.1405746685441762,0.09156117908219387,0.011719822414405664,0.02967609787982226,0.036301503344401395,0.009297641981296225,0.5116310007689078
3215,0.22808905659608694,0.07114461479833709,0.056915475703015764,0.0717676940453113,0.017318330209795754,0.5323993776246986,0.0066147032017239,0.015750759974790342
25585,0.6773339347882346,0.03963911308024046,0.11915984094199049,0.0341942184907895,0.019704496532768,0.059066156902757606,0.01090008820187943,0.04000218831424288
11484,0.07583742427038638,0.010954405416272803,0.8220611125780851,0.005497545154663926,0.0483581475726954,0.005354914147193924,0.02055910747137628,0.011377377615430761
10213,0.1013964709581279,0.12940966069951568,0.5976494702097084,0.003012523007915705,0.08549892067873283,0.033035078835821706,0.016682850708991084,0.03331499299247457
10976,0.7299848077737766,0.020432545730291247,0.10251306481690296,0.0473917347197575,0.020829152781444128,0.029982331242152504,0.007296554042174206,0.04156983934774899
20528,0.011558278624512329,0.75532196533347,0.061923177293135984,0.008607703501730561,0.009232807074253049,0.011658624267125245,0.006366397708307211,0.13533103339760102
9565,0.8619441620543062,0.004141131396357326,0.08966168006144366,0.010706129091851084,0.013361011638925743,0.004339777563200702,0.0065874660651947655,0.009258665435067799
12254,0.19550240694892845,0.026868086046936045,0.3558140338992946,0.0116068489513799,0.02936239806440973,0.3379766328485696,0.014615385107983369,0.028254256375007652
18399,0.2633052188340647,0.10583393742180512,0.27801556193123284,0.043257523707693854,0.04829129236087721,0.09320945433609594,0.03715261118613095,0.13093440022209935
23578,0.5400937569853528,0.03152560905844808,0.046089785707157695,0.0072251665391889755,0.024292446125295415,0.31295503572610467,0.006133807312631551,0.03168441380325852
66,0.5687496560000175,0.05534903477613776,0.21902753946469644,0.019348628974142034,0.030082040368128577,0.04297949226225336,0.00715731416919324,0.0573063125187503
18029,0.09053356682677693,0.212760121273658,0.31896589642235074,0.011559253260423842,0.10638793217011094,0.1772619918954171,0.00503071381958241,0.07750056149145067
11884,0.5703662793079863,0.024730977252877453,0.1022607096071352,0.010059051359098606,0.08822210290827023,0.0500132914531887,0.007104696479532728,0.14724289423961381
1947,0.1871451314650177,0.02984066449032232,0.2816288197949867,0.006680006104093522,0.02204929433786211,0.4515278233223869,0.009698117151696087,0.011430188159354312
24183,0.22424455546967403,0.027860245748458242,0.5920735036182936,0.005437837751140352,0.09908526047126114,0.012869826230071935,0.014465972318275422,0.023962773153983402
24305,0.05336288334052971,0.017230881028790244,0.02971810394158974,0.0036125497521027217,0.010200018513181962,0.004141528477062572,0.0045430848780738204,0.8771909494458473
1376,0.24191059076992535,0.09810625688052046,0.3247285281811832,0.01276891171863257,0.019355394213942143,0.261914590768931,0.011343412564059676,0.0298722606998317
7365,0.10980758073489846,0.034833328557108134,0.7109634368036425,0.005718869273845455,0.02846514243431577,0.092189915490307,0.005035162488493719,0.012986554252237366
7654,0.7336875912862733,0.0034473040397675625,0.23194794629293108,0.006448038930080232,0.010820578975519005,0.0035550420301157784,0.0059983243903073726,0.004095288421417789
22769,0.09641071864994347,0.4232628966777729,0.03411838856288954,0.011945380401155618,0.010708422792647807,0.09044161790118699,0.006507551089735403,0.3266050201178873
12739,0.860779879182096,0.004468070293982827,0.06419000910371588,0.006222257792035298,0.010018429485851915,0.007295367669192527,0.029821809762540494,0.01720419725788925
24824,0.24173839567664146,0.07888892692492878,0.422836349818143,0.036655735703001915,0.036004856372181336,0.06958952985117521,0.020290365127578314,0.09399584657994671
16688,0.11961222241376177,0.0667614997239647,0.7341408059393582,0.0037849187751444594,0.02374113155391807,0.015551988537592626,0.00830952328252,0.02809794396492021
20734,0.9138114160185635,0.003941850073152924,0.03329547200880267,0.011030347506547616,0.008249663828239998,0.005470957326263582,0.012065149223660785,0.01213507354857462
15812,0.0659226248380993,0.029419440731553084,0.7496002727615136,0.00896769088142634,0.04350925809127595,0.033735774018681906,0.03637145062510497,0.03247357731961361
20941,0.5082908609183012,0.021455555827466055,0.10992645689929706,0.006891300752688765,0.022755482451517414,0.00940235157512474,0.009012597819093313,0.3122653794607099
10826,0.01701690273353887,0.429779122300896,0.13049753355489713,0.009085341493374251,0.009350982229812746,0.0417134743515408,0.004486308330333382,0.3580702906164446
11384,0.30705124939646716,0.07958653724519875,0.10589091766897317,0.03631810189632044,0.03632759178394821,0.3418233584011643,0.007142482380436947,0.08585977193770065
14684,0.015348340508471255,0.023389735488517503,0.01576630199755934,0.002558819360705636,0.006108639392024295,0.0031598824584321682,0.004146766968772279,0.929521474190466
15538,0.06203366352395503,0.06709270850648326,0.4388901966661026,0.012145718397760706,0.22286763465793968,0.16886754869286896,0.00927403926675871,0.01882853750618554
4786,0.05351957430111479,0.0225713752530176,0.4618912469617709,0.009388318870889483,0.03368357689749886,0.40233345214357824,0.008724501140042792,0.007887981719838705
24572,0.8900225315457249,0.008468922177345616,0.05146377922654637,0.00506622000196417,0.007677289657198184,0.005823896316268816,0.004309352295472872,0.027167928010528745
25838,0.23390094787513765,0.020835628805242666,0.5778496775080963,0.007949396336043838,0.04365500189645314,0.012321927289705185,0.049469953610147964,0.0540174786466682
7387,0.44688355340037506,0.03402968723817278,0.2081154423250101,0.006045283799855448,0.023942413741304912,0.014908725105131772,0.010203070041676093,0.25587181040191825
20599,0.01887557244576498,0.555019514412856,0.030561138057482888,0.10180962411309114,0.00811418848570844,0.04897080553782354,0.007938719284204247,0.2287103881167077
14908,0.14100679339519875,0.12972230268298696,0.05695161782308442,0.05042875743894393,0.01066442132194273,0.5531308640850311,0.006488545433597688,0.05160670191703368
14518,0.22136376879451472,0.012289513253181518,0.10510030241366451,0.024307282916118444,0.029503793469866403,0.017478314817711095,0.5801127568173924,0.009844305748342675
24606,0.09236116263307903,0.052301816823229756,0.6690529035234347,0.013674393689032607,0.1028673083970136,0.025857650970800842,0.008065479319975578,0.035819242827050235
2365,0.024652315534598356,0.022461675779262263,0.021064996818693033,0.0028765509257080465,0.0068801385179160755,0.003944348365127361,0.0045518048733655045,0.913568185442729
18874,0.21118239018586804,0.03696856947151363,0.5890432804783676,0.02764140588203006,0.026648188738317775,0.01641399599816602,0.00870756502336357,0.08339458112557338
24941,0.16098556391590454,0.0747942064458864,0.1596652565574782,0.44562852316457746,0.019880661977666948,0.0412261875745155,0.010730584162751489,0.08708903026419025
19413,0.347247021403849,0.018102748302559896,0.5848520984471174,0.0069442825436867245,0.014595058415168187,0.004140645063549842,0.008573621366069043,0.015544401174174143
4269,0.06579251866429679,0.22910516766769903,0.4313106268041679,0.009043347513153414,0.02551309846289564,0.0195329216827434,0.004285239040426783,0.21541705193972221
21316,0.512960559653653,0.12488753886705851,0.049582369871338364,0.01762073766175195,0.020404804386854335,0.10136233442519779,0.006095081057973261,0.16708657060699622
7551,0.20633764446477607,0.06052680598328303,0.08489032993016943,0.23050962941637856,0.035082813398295054,0.3432184139568566,0.014975379335731826,0.024458953339657946
20992,0.08026570411028568,0.33522258048685427,0.2758256224027753,0.09778679703624278,0.037808281882918106,0.014995510119503147,0.010123311476867366,0.14797220249627094
11490,0.24217402230567284,0.06441372241160394,0.41080814951987044,0.006168567340387092,0.04096487509408003,0.17235353653067162,0.004797896955666831,0.05831922355561982
2722,0.16679814752599695,0.016161185605159722,0.11757029521887694,0.0111909633209555,0.021080992116272564,0.6485772791452289,0.006703189849178384,0.011917948033238212
14245,0.8233647791298899,0.006555784308699522,0.05071545234523089,0.05556229001224392,0.011608674385123429,0.04023819808355919,0.006549233353000958,0.005405643563114589
11534,0.2633052188340647,0.10583393742180512,0.27801556193123284,0.043257523707693854,0.04829129236087721,0.09320945433609594,0.03715261118613095,0.13093440022209935
3004,0.14318697089149574,0.2513069014700149,0.09840910856965118,0.007405269250607411,0.024911495114342576,0.012137860428604971,0.009825108833001897,0.45281723368402926
8990,0.6616507851889106,0.033172423016581166,0.18462299330596393,0.011669964712235447,0.019281998740521444,0.01829799355343201,0.012351834006749308,0.058951985449827146
16635,0.03724744896347258,0.19415506759863146,0.5187759262644132,0.018168480029409784,0.014873769294557831,0.03042043314406278,0.007665251384483501,0.1786936350323502
23285,0.1386845396543868,0.016369380236616465,0.7899044604003206,0.0036929377156989735,0.016020057107162138,0.0046918835884798525,0.005068943242826162,0.02556779927686982
15118,0.6541660553070594,0.007263948075097728,0.23647110747302813,0.0674895850612745,0.014286426969564146,0.004020093464999701,0.009419430575991043,0.006883289533502588
12163,0.4951199440984883,0.051222769287662416,0.09175999070203146,0.04544067054324414,0.02716194108230287,0.25031284899553063,0.006494748028442586,0.03248705927605419
14178,0.08913970453174166,0.12248858754006245,0.6486368272435805,0.002964297588054372,0.03075623538013862,0.0057852368417640266,0.01863495537264237,0.08159411766121558
5707,0.25095371688128093,0.1062489665658731,0.26556962081053137,0.05079159870235457,0.053728276995453406,0.09949251671479166,0.045356653120256454,0.1278586725612003
3880,0.0150125624935111,0.02234998801747988,0.023582692725313104,0.0026451839376771323,0.007345864881673803,0.00370121040186562,0.005167453890377143,0.9201950645777563
7360,0.8622300128449161,0.007990453673825525,0.05387894551647885,0.006696901775039583,0.013712792844257428,0.008489890006320033,0.007555938457936033,0.03944507233180706
20308,0.13748060988357647,0.02174813869677153,0.11725982301182858,0.008220983488694352,0.019903632994391657,0.649268068505274,0.004879340879970027,0.04123940432064784
2150,0.04619705816612245,0.012416440519511691,0.8758304821115585,0.0039523145293139045,0.03259651824705137,0.013401311124509313,0.006843639305129382,0.008762234355347273
14299,0.06286474528561256,0.08672224507048125,0.7387389443842947,0.006793980604400809,0.021375896292028844,0.011827299242599695,0.004417806690861391,0.0672590349788355
4804,0.7909916585755566,0.010238415025610285,0.09227895490059959,0.018344955073463787,0.02488929162835221,0.032019117784230715,0.005757380439930118,0.025480240495529057
25705,0.17599459021351932,0.054901736656234656,0.651958926287569,0.006044858517977176,0.02428057827239393,0.01731186193750524,0.015386989164472144,0.05412045661038053
7058,0.05375784975057542,0.35794043785269974,0.285581217006667,0.01752534002312774,0.01925780986420982,0.07808266203440137,0.011495924051016546,0.17635876654192
6623,0.03942348628355306,0.20067115318716272,0.6005870726216689,0.010493780932239311,0.03949583671932901,0.030208154623595832,0.005295812712429329,0.07382479619197767
19023,0.6021058635818977,0.07529827813382595,0.12086416114853119,0.04100583383480708,0.02038223894526359,0.05169235397035666,0.0056390921397979545,0.08301221405487297
15898,0.17957157221791456,0.026921762338449614,0.4034335431861374,0.011895947434512178,0.23993905481032685,0.0657330139812728,0.05518449691830737,0.017320650184404714
1172,0.6735145214891681,0.01609145604864468,0.21752083009927053,0.006144047336307507,0.008998239635923415,0.014812162681688555,0.043277380386298685,0.019641411481614697
10394,0.21905266105959814,0.01988208215922215,0.2678716535291584,0.0070372316739051475,0.11672838870574817,0.005841816563782317,0.021822552515845788,0.34176353034623713
3465,0.6761012410783861,0.009084098091659939,0.04261202267755253,0.016949302181191526,0.017610937246125894,0.22555238516952278,0.004224758086186645,0.007865343223244123
25941,0.5115282284386297,0.017989484713130933,0.24556760448125542,0.00616411951209398,0.16140616890298098,0.02142880586689058,0.00950811457120683,0.026407430160745683
11151,0.1400359142972124,0.3609856956626911,0.1345273655565193,0.047203147750816174,0.029805230658767997,0.019026031948591274,0.01639808983572733,0.2520185221010663
18928,0.34712563196196455,0.02016452522077275,0.41818898393068077,0.019792538296046477,0.10205218808332311,0.020700580170003452,0.014739537183468748,0.05723607070713166
16631,0.34058469601769625,0.021980371349865444,0.20166302795028446,0.0060972225213829214,0.03943514845649873,0.3516158055046084,0.0122258713138817,0.026397868108218984
17034,0.02335648375285749,0.0201017372464921,0.03969061077887514,0.0028453788507908752,0.009710300141896413,0.003657776015786374,0.0057746254356183,0.8948630956444485
23631,0.6441995435914799,0.04638658789647093,0.08428727784510297,0.005773700129152459,0.019018061069833593,0.040307357056377696,0.03485090186637624,0.12517659514667406
21206,0.02814242315213312,0.022205534085735987,0.014110501222490864,0.8767225764638451,0.010441753804634945,0.031558134488316965,0.00646057027621609,0.01035865806215101
5172,0.30636051502164335,0.05597221665884305,0.15952216351551615,0.02630214279511518,0.050301635937414914,0.21877831664187364,0.007784129406410502,0.17497883257229802
14673,0.2930811086111836,0.048682378384125646,0.292339772617646,0.02217686993373243,0.010325871470835876,0.22615673820895674,0.0187281094565867,0.08850916500737493
17524,0.6946169611452195,0.011797544939408041,0.04065626404974155,0.005700172867397185,0.010504634209300801,0.006708615197352575,0.04934287422441812,0.18067298306104324
12201,0.5357140566943137,0.06354012698426906,0.12957826664827737,0.04121326449502224,0.06264284804976204,0.09551638460028253,0.0063412017113294705,0.06545384471658071
3257,0.20860488645495817,0.03607903593667766,0.5504311069054855,0.0029208132560111,0.01395331739287683,0.006279054502334155,0.006183214418891775,0.17554851887974765
1210,0.018584346599834718,0.025653608930133347,0.01545149242760988,0.00264683038552663,0.0053607734833109495,0.003551053754674709,0.004148279562398792,0.9246036449091263
18120,0.04990876959870434,0.02663008487992594,0.15081618990819723,0.011499995888012345,0.025724199734974616,0.6557946380619116,0.04058703595740304,0.03903905747240002
12176,0.018447927348601033,0.38077426091184297,0.11620736139968427,0.059810845555877165,0.008715556438599345,0.22918030348954607,0.004867696472460651,0.18199604079893023
17196,0.091012932188445,0.31122933414600923,0.17392662568377226,0.0101842384200077,0.03278721081109138,0.06781829465660573,0.005416285619299027,0.3076250876250139
14478,0.049074579753611604,0.04706394935275464,0.8141190409280146,0.005077054864186433,0.04846136880397412,0.01502451603201874,0.005217734414271354,0.015961712882273178
333,0.8846206557655637,0.005566551110784642,0.045197017600069965,0.016067335043933272,0.014426190756527124,0.020531172122352937,0.008172096495205282,0.0054189832708879376
10848,0.24282007760049706,0.17222888707091386,0.35836680295241885,0.020952822069561818,0.05529043734669295,0.10025163423488531,0.012798722496817483,0.0372905860533612
6723,0.8495177326526132,0.01244695110571081,0.05567329025655521,0.01236124379270022,0.023214741060094555,0.017805950866631653,0.005678213235428963,0.02330183942811634
4206,0.3942206256528089,0.016781523958058462,0.16661670876552467,0.006453954454311009,0.28861487353158966,0.0972818531644718,0.00796332851141646,0.022067162858445462
4474,0.03916142912840666,0.012432274517078385,0.8533407262206606,0.00877077356486034,0.04355815557444984,0.006380416125070702,0.009616722594261816,0.026739474102703678
4436,0.19158608659525386,0.37130220675533077,0.17179378103002957,0.05033620433637463,0.030958804168232403,0.09625455765982965,0.009011495410772771,0.0787568842538761
22854,0.1555481144106024,0.007810760772901852,0.8030669180607047,0.006634303517497092,0.010056810563324678,0.0025787831255041234,0.005899864703651711,0.008404475300061512
10099,0.6922765297043537,0.00837684600664664,0.17229871515283063,0.04278664037536129,0.03355724946883976,0.015281163892946417,0.011294034501246017,0.0241288592682655
1549,0.36811896408251205,0.024695297477872524,0.16493004629675853,0.010858683179781309,0.06774049797191088,0.3134454656998719,0.01140449724921831,0.038806570486948494
13245,0.08807734448767682,0.03800351667717814,0.46349549397609824,0.003460033949090334,0.085915279157261,0.007062821558293834,0.007307580022673128,0.3066779327852524
25296,0.443695568174128,0.025676984116943143,0.14440897209122408,0.07733808223521865,0.03046275145873832,0.11902256824388022,0.023257455021785247,0.13613762922859354
20701,0.2890384668077327,0.14635809071994316,0.1333858748426392,0.01987345911479383,0.03247164647375291,0.08460986614602481,0.006329944200678043,0.28793268936643346
3610,0.042422520016642894,0.4558256906863709,0.11421141611374912,0.0067792360931662405,0.016566234815805193,0.010461065446894907,0.014450346632790531,0.3392834851887213
24771,0.1648147760678443,0.01665315706263494,0.31774510307914056,0.0055671486523272825,0.04651659288024196,0.42877918050579106,0.009278795028157543,0.010645231473455155
10728,0.2633052188340647,0.10583393742180512,0.27801556193123284,0.043257523707693854,0.04829129236087721,0.09320945433609594,0.03715261118613095,0.13093440022209935
11759,0.5401007588320881,0.047141453475019406,0.13375509629832472,0.005952757800204283,0.02430879242000589,0.008519348375523175,0.024485759069875313,0.21573597435714498
20937,0.08344409576884557,0.01654365423662247,0.4868961561846881,0.00596682058518299,0.024369935268778512,0.36387608861780163,0.008499600910282885,0.010403658940101347
22390,0.18720914528762164,0.026323686620751713,0.12979089921881354,0.011385895291724398,0.03672490224073667,0.010280717124259467,0.010717556907073829,0.587567191627951
150,0.7837120698421625,0.020956628841026805,0.06015694271666073,0.014966603950631829,0.03237542960590484,0.02052110131413768,0.00963443697619066,0.057676821258786294
5941,0.5050298700269156,0.011748497664820588,0.4398152604651079,0.003777725621366713,0.015226959006189013,0.007364137650348204,0.007329552679190322,0.00970799238369906
8512,0.7552539951658946,0.013795002945238255,0.10346620945891996,0.0116390919537207,0.03713420297955876,0.016184485331169538,0.02311710033616643,0.03940990163134951
16527,0.30333644848095576,0.01169292885191831,0.48295157043137527,0.1265505209099615,0.025798159131965426,0.014316701185360155,0.0067512872693665585,0.028602375636590592
23410,0.07354399150919932,0.2288505436155833,0.37030269063052096,0.009594312560994418,0.08188006239019342,0.0929779575556228,0.011971854901335047,0.1308785893976878
26988,0.43515551294610016,0.04411328414986227,0.39449860247778806,0.007663226069708371,0.047025361049787676,0.02249566964988459,0.03597149366655307,0.013076844379097275
12898,0.5782671558394394,0.005059841457426002,0.24305413558923686,0.015098258469515806,0.05218207883664335,0.0060209753645501,0.012209681782055766,0.08810789875562701
206,0.4954098661597522,0.021965457473751362,0.2525255004573837,0.011264438631011429,0.023278589011216183,0.16877616342025004,0.007936550391355877,0.018843453361127444
3535,0.20586319020824992,0.2845195616521078,0.09429423009703769,0.010415912865618956,0.018676407915127455,0.031057647192141224,0.005748167227069104,0.3494248936227067
21048,0.05351512609674147,0.34541278300590816,0.08215165552777394,0.032826827595916784,0.009856283249061536,0.39223058851608716,0.005954359146126793,0.07805233444064084
15920,0.8759402943415205,0.005182975524973684,0.033893087753585946,0.003942245257447414,0.024333481017523598,0.00935638690016809,0.04056700603073819,0.006784563634187591
10075,0.19462300233713417,0.08145557630724079,0.09377999046305953,0.006846293047070858,0.00934386452317424,0.012253003552348455,0.11264250013802121,0.4890557355804691
16695,0.08882668111688288,0.01801944456007059,0.14482535607046798,0.013477917329148707,0.23286670063581316,0.024999312776394188,0.45576467858884534,0.021219916792052887
4688,0.9241767879219469,0.002907510511544576,0.036138343250228154,0.004992212552415215,0.010209154331111182,0.011450141167608147,0.006095270253613664,0.0040306123517084335
937,0.1849864943046925,0.2708109106067811,0.1758436144037142,0.014194495651917275,0.04626321165459352,0.10155419862124934,0.010520724454588126,0.19582636348067836
4569,0.1259199559613796,0.15952243230647117,0.5312998981917089,0.021406275651314813,0.02086620179277782,0.06868723294938829,0.011703324685665125,0.06059461205799473
1527,0.111036963988769,0.01007542840692645,0.8335246697448314,0.004077695143096865,0.014007136591564502,0.00321103706073896,0.004783122703948695,0.0192839285805941
5484,0.21684476529535723,0.009547530862216144,0.5625274469542234,0.005834309616335418,0.03462646743308827,0.004765226843069218,0.14046037309172998,0.02539385595734872
19117,0.0198975632804791,0.01997376398988923,0.020432905555758146,0.002864778678018333,0.0064297357351744,0.0039504118380419674,0.004731734061905642,0.9217190641188479
25775,0.19568983344060245,0.008504304721075794,0.7504395925647838,0.0026294565940096566,0.01636822682015938,0.0035759098821281287,0.006854603188386101,0.015938108045234926
10172,0.21231016648482984,0.09912805268030173,0.41309738139123003,0.004497102028308361,0.09240604147286882,0.13915049867738288,0.018169012092720746,0.02124168022133915
10602,0.6326574448305777,0.0475891242547072,0.07843805309790708,0.020436706448255074,0.07826720339018936,0.06544316687753791,0.010394070359876452,0.06677424727192482
24750,0.1767847164282219,0.09604903111890985,0.5329502170345375,0.01540366463907553,0.06423515115333617,0.05566175036293661,0.0043863828131268275,0.054529101025053935
11579,0.4306755025849094,0.05714744600464511,0.29817757833969866,0.0327387094870171,0.025309659583796756,0.12137195226997234,0.011351327174339763,0.023227865068152796
24331,0.09691312541011773,0.1250575418024603,0.4184727837781269,0.0703103658402876,0.10566943511339595,0.10182615592491583,0.0071311984805681,0.07461940538479193
20627,0.25095371688128093,0.1062489665658731,0.26556962081053137,0.05079159870235457,0.053728276995453406,0.09949251671479166,0.045356653120256454,0.1278586725612003
23714,0.7966750638267478,0.003056996240033305,0.16810643560580596,0.01237064694021731,0.007985407180063152,0.0027870142442734396,0.005015238672170122,0.004003144851407192
17421,0.2218878683037113,0.030771696706794728,0.3518222664021472,0.027124553071984185,0.026959149270560496,0.047376607702047116,0.2744939899031833,0.019563927219761613
11620,0.7542036528452646,0.02425524180430146,0.0984510654496642,0.0036474270899244684,0.037145915647554116,0.013735216273256651,0.013699069362248914,0.05486241679266852
4256,0.06267335490784956,0.11832061896031353,0.5976972705027603,0.018532370728596412,0.01806479558465292,0.10299916206314176,0.010920291475245487,0.07079210001465318
1505,0.15970185015883523,0.01810963205659679,0.718218415337863,0.002615053109704563,0.03072166081486366,0.005987303412461678,0.0313081027966457,0.03333796494968408
10906,0.8086353144461708,0.010566961406990899,0.07603985899253385,0.0066425168271252175,0.015145306354259392,0.06818958457156654,0.005854758304421276,0.0089256621001427
19250,0.30764004602291456,0.028845286250763692,0.10383558293799394,0.011328929610059659,0.05555644204003435,0.42282252884774285,0.00659826461774406,0.06337287515552775
13807,0.5492653996024043,0.011123420082174743,0.11001085281795596,0.012303122222489065,0.0318008023127844,0.2629218427905376,0.009490924831752314,0.013083622953311424
13445,0.2552174415808666,0.10263720910917729,0.2683275646150939,0.051517351034540346,0.05489338031828558,0.09426258183677994,0.049358261944844495,0.1237862225989279
11923,0.5160829542207628,0.007385076894089106,0.38698138731046205,0.06031961017855837,0.010619029282795718,0.004950765406270405,0.0054479312978343705,0.008213317551802156
25487,0.06110042641547747,0.06507326687057524,0.6927123209594603,0.008344250714127928,0.03471372486202602,0.08541014686741502,0.005890860451982357,0.04675494867924482
4633,0.05393063372516043,0.16008333653209142,0.5396701740250847,0.009933008679930681,0.02523744175935423,0.019021927162087456,0.008040339345666052,0.18408315544129913
11964,0.3155423027688301,0.014860164284450627,0.44525321534573326,0.008967610170760927,0.1552089074115802,0.0332923673578365,0.015557438349280157,0.011317943601013968
23331,0.010613543427931298,0.020942122662281903,0.012959220342231707,0.0025814601015950902,0.0050610713030379085,0.003485023301414427,0.003965115316072906,0.9403924516581275
572,0.05802026654832402,0.49965801247738384,0.24075108447996532,0.005215798028304262,0.01684112024414499,0.02034949516533692,0.012225236278963068,0.14693899644586997
27463,0.25095371688128093,0.1062489665658731,0.26556962081053137,0.05079159870235457,0.053728276995453406,0.09949251671479166,0.045356653120256454,0.1278586725612003
23384,0.9087393185087248,0.0034785348262509857,0.04206205319742398,0.004601503112053559,0.011389754882395582,0.018899621086037707,0.006776140431497414,0.004053178764330166
25985,0.2038895896712803,0.006633590491472194,0.7271215201428356,0.005717281022986919,0.013186593757249492,0.03315990841800855,0.005388840880042113,0.0049026685962809055
774,0.6497707697454144,0.01777054500968038,0.11476753980918597,0.005840086582089839,0.026727275328273372,0.11649400577029084,0.006588645416110747,0.062041182118145986
18545,0.061786256031561064,0.006381388112099738,0.8986175776183176,0.013533826305496939,0.008601362259226432,0.0025718811103549125,0.003233500649861736,0.005274219016192941
19770,0.2868546781839719,0.021968178571674428,0.3153004390373701,0.01076512012101354,0.049733101648747335,0.2749815730275556,0.014759402624745082,0.025637494584596184
12519,0.032664375927079055,0.031687119756284896,0.031458212670308926,0.0029520071364255306,0.009824169762682154,0.0046849165797267995,0.00476777688769242,0.8819614411111503
26983,0.2620733467286942,0.08018449274479644,0.11473836514500552,0.02541978400280685,0.041128411109681885,0.3850613730325117,0.00648174939743822,0.08491248799048116
24792,0.09280617749815834,0.12356775293167313,0.6302677810418059,0.006322330320992792,0.048740456795634005,0.03833896451920336,0.006680344907981707,0.05327612980712737
4911,0.1353617394262542,0.04925587459627895,0.3541765271992876,0.009058738799134205,0.2621979577456501,0.1469766244770829,0.014094382196466394,0.028878196060736053
15014,0.6197391180704812,0.004797320058265649,0.314894863069406,0.025864582703033198,0.013793587632499526,0.005751731454973011,0.007432370317989724,0.007726412141436389
15155,0.08347263181340109,0.38398912566556803,0.21940517173321686,0.021899992848957,0.035412018138256014,0.14299173018184003,0.0065894224728742365,0.10623990677335766
6146,0.44241451973170065,0.09508016083161555,0.1523325307274878,0.02997769928621786,0.03744777727965292,0.1831385331603105,0.008430599131705761,0.051178198431194186
5193,0.25761554882645477,0.10835238838307065,0.26496100061036,0.04558230784961532,0.0525582217889896,0.09805234222429246,0.0400180136923367,0.13286020642720284
22144,0.10297514308289445,0.14774194719744718,0.6382526983166179,0.010101325827078806,0.029644561687343852,0.035781994262840094,0.004045444486728119,0.03145680706511403
27244,0.009827600837476197,0.41884969023929425,0.03038635299200707,0.005478484183681917,0.0065606289801180395,0.010772910598915646,0.00430647327136006,0.5138178166500265
5123,0.08027504396539907,0.27710616094067736,0.45242044938025344,0.025534547147013024,0.020584089127547337,0.07802868393396636,0.010548250653892356,0.05550276088141236
19734,0.08699554365203122,0.02341198259591893,0.1414329959284183,0.011669825562696174,0.045827614326713506,0.008762323407711487,0.6650056815272514,0.016894025042271683
14706,0.15433932585457225,0.08222568255786422,0.12133629192964707,0.05200960041903827,0.017015567462421548,0.5085276232942522,0.021992771777088405,0.04255315831179982
17951,0.8636995561516627,0.00490398710300252,0.04402327011083163,0.012313533954976596,0.008893392209103585,0.053956155869456714,0.006192400168187214,0.0060176554102869435
8690,0.4520678733470684,0.03711283988271044,0.039505097890886416,0.004556250902703556,0.015508301537471311,0.0076231734674250175,0.0053773006944879305,0.43824916718997353
11718,0.45210325240908633,0.0289327555741066,0.12250487586388599,0.012871596969050051,0.08749140528059268,0.016575392061586095,0.019392741467414678,0.2601280199089208
21733,0.2568536521882593,0.02922104696620958,0.1633189811008289,0.007987891014126577,0.10579186616486136,0.009535044669654545,0.019404413045419292,0.40788711369820485
4338,0.1565988555571591,0.024983753566430456,0.18543247237596394,0.00810117155062463,0.1451879057176368,0.010834985637912704,0.01549856767540875,0.4533622798396403
21613,0.6704142274011068,0.004416015384535367,0.28192059943308795,0.009977017867323926,0.01661628508508153,0.003295173227504972,0.008951657421960132,0.0044090604660550845
11006,0.03762495628286708,0.3995344979580048,0.12989825622574794,0.013620200187513698,0.01838110705810963,0.04401968041097473,0.006278894747283067,0.3506424283403707
12328,0.7005176348229959,0.027826934505739417,0.05016445033156157,0.01656467946138291,0.03668853977100225,0.020776672692364256,0.005681053762693812,0.14178001653803574
26604,0.7063284387512854,0.018628668379636542,0.19006856834878927,0.0034094341740899966,0.04084489900933838,0.012530950872607966,0.018920628099434303,0.009268418910997191
24482,0.25271009344327866,0.012750259098205832,0.6819269372387218,0.003061752292506775,0.018788020488786757,0.007347850586689486,0.012221561269557975,0.011193472314967095
27907,0.2827846511776217,0.0229699120873134,0.07094053084623936,0.019641154050891074,0.015155666061937433,0.5669667351240271,0.007558813635098293,0.013982507167983216
7320,0.07996276870297515,0.5566597436994303,0.056859335888882374,0.007218553063793249,0.02153528117592813,0.04380980306699226,0.009232464590536373,0.2247220637347347
7909,0.028808268136350353,0.1293346950277244,0.03613031862087805,0.7289287469977717,0.010889417215268099,0.02025646790182495,0.009358834141390781,0.03629328483447855
5067,0.49410189363661833,0.015585843910478495,0.2406507547777547,0.011689476829334737,0.041823308156365105,0.008245517937842197,0.15752040860875743,0.030382792301143446
1949,0.05540118393648353,0.07402253161484991,0.3025553822016251,0.014022324801334462,0.0965432807849081,0.03810587079884042,0.39221264266318506,0.027136795818194205
120,0.04003860868377408,0.029720287687205495,0.8005023659504572,0.0060146625268475,0.08369057339951794,0.006527441483922877,0.010704019078598005,0.022802054472665038
8192,0.04223433518272488,0.39827536726293655,0.08033285344766675,0.013006029038048532,0.0193146430165233,0.2556919531039539,0.00718110905357282,0.1839636925254073
9089,0.10276911090913209,0.026097106621811816,0.7600451474324776,0.01007292605001144,0.054459608984835324,0.009866957436677542,0.006172335030789996,0.030516878407912066
14221,0.5945151958612702,0.025587927372942555,0.2206999675464722,0.044205711067934125,0.025076764033924677,0.031201608901824704,0.00694465557998005,0.051768138110382333
16411,0.35696134030166,0.014235962548826803,0.03413337018948892,0.024146510322036553,0.014008319777319951,0.5432809726946699,0.003864626673444275,0.009368934826947381
6628,0.0693109468989663,0.3722120505228207,0.0869097708611541,0.04423666302433159,0.01717263770235734,0.031036870921432525,0.0072996002792254,0.3718214895454683
13459,0.1153755349891453,0.30687984406891106,0.3452464443296751,0.013847512321159171,0.013070722250312883,0.08289427563026981,0.008006834295154964,0.1146788303924249
12564,0.01312138221704325,0.5372206619499528,0.01982729708874573,0.00950915393679669,0.007358292023272653,0.010104055266323408,0.005114899132522638,0.3977442770816436
24809,0.10038681597630927,0.03112672768775667,0.05972459771056535,0.29315366707657453,0.025618371595144324,0.4658384920729335,0.009466615273335829,0.01468475041907702
24944,0.07301656956500463,0.22150992432356761,0.02648324168531205,0.005098328218013438,0.006339801534551113,0.014412960882061506,0.004401923706561692,0.6487372807370821
12280,0.24718302429739444,0.07621013420517528,0.5086366729448074,0.009667417891666993,0.019734551494834097,0.017038602410554993,0.01140343735550161,0.11012619031997459
17511,0.2633052188340647,0.10583393742180512,0.27801556193123284,0.043257523707693854,0.04829129236087721,0.09320945433609594,0.03715261118613095,0.13093440022209935
11113,0.9475959845270975,0.0036231638729221478,0.011760197133480338,0.0046371133338590845,0.00676051475123947,0.00875886118222346,0.0035395575664641204,0.013324675712394173
2605,0.3152781121902044,0.05775303391904107,0.3708135482712238,0.036051797069884504,0.03429493108815125,0.09087757211059809,0.013475753318590366,0.08145528826075464
17110,0.04925625606469135,0.3698662405323163,0.08583539969520693,0.013359952477916482,0.0610733267131191,0.14562956440806646,0.006498334859634424,0.2684809168671457
23846,0.5510777160121904,0.03669903692158052,0.061290401042926004,0.1464870402077768,0.036162483347608,0.1235558348789453,0.025324919295696448,0.01940259697801184
13595,0.4869083733378281,0.010664237604909595,0.08998851715489074,0.02298083338861575,0.019825803179330064,0.3532950365856489,0.00586763941342148,0.010469520871732984
5515,0.007222442556428638,0.6480282898867451,0.02994725128279345,0.015654570771099257,0.005440596271945969,0.01883400043656174,0.004567657083402261,0.27030510675403197
10452,0.0781912044027809,0.17561460502596635,0.5401369794364764,0.007248590871009744,0.09224575473903135,0.0369486236518134,0.006361076190484475,0.06325318342413237
7812,0.01293761553420365,0.4916143205815199,0.0121104446069208,0.0455589056374633,0.0062084205417540575,0.022920041788738903,0.0040787792436009895,0.4045714436866533
5265,0.13808462474477914,0.020440535106097387,0.47219093316801747,0.01185839689560343,0.02705525056203843,0.3038620689189423,0.012119339125122888,0.014388898324924437
26875,0.25600327294287567,0.10322263475429028,0.26986470507391613,0.05140708244170588,0.0548992532384411,0.09129672735591732,0.04802112114627577,0.12528518255748122
25189,0.1773512971561525,0.03271618239659273,0.2602167757767222,0.004417834847076667,0.011175333384690098,0.01722629856216519,0.013111746785336156,0.48378446377410456
26355,0.5146177068057319,0.0266908332717121,0.13432310369340436,0.18046214992176698,0.029191671992761195,0.06560890726548657,0.026354189601402792,0.022751476749546612
15547,0.17831612992376622,0.3019499572854726,0.14524040871789862,0.035114832613440755,0.02831812632747213,0.131020655955993,0.010318323812725934,0.16972155623626947
9970,0.8278081374074829,0.007252882208820966,0.04700882311478667,0.010367748412173201,0.019284044078694596,0.006811464362535647,0.007410569305035996,0.07405640137875824
14433,0.04181872992234289,0.22533153111308518,0.0615884184348309,0.09601331800791969,0.008051053381090677,0.020918345603374775,0.004797561785885847,0.5414809884332527
13967,0.07592407827267912,0.04790634195171449,0.6456217152746069,0.004870348920452513,0.17771621199070092,0.0239951105177726,0.004654670088046699,0.01931149255306166
3205,0.026559953439357572,0.007653536805358634,0.9382826385348163,0.004604067616456504,0.012429538632700632,0.0027272142817007378,0.002753282908633024,0.004989847595321073
10717,0.13831451547990659,0.06303522282779983,0.12126813166852012,0.022253471122245988,0.09150804350956168,0.5276391217808132,0.007543449593123434,0.02843807195770634
2635,0.1856569354394234,0.004922711401371785,0.7759501664269515,0.00387313305793253,0.01509062670861982,0.002053555866146294,0.007702604993512458,0.004750239730695793
11065,0.42415821348332666,0.10226933417744143,0.074602135007401,0.04080272205887723,0.015521674187070572,0.23032953402531375,0.011405348768775431,0.10091103214506487
22906,0.1333417673587699,0.09064101746662051,0.22024651387701347,0.031387872895820026,0.032525126970054524,0.45884790160190053,0.0075234465008084984,0.02548634718228349
12459,0.4391523080645114,0.008842589542068957,0.48288699825115283,0.007652658513273133,0.03078713884874329,0.004472674575384467,0.017898356671451003,0.008307236732188177
17605,0.06348240925618749,0.23720981226375665,0.4150447339079786,0.041931806722450914,0.012805634922717397,0.1391718844171233,0.010244250872346792,0.08010953744006587
18995,0.8679634149778571,0.003340148204316684,0.10083857850512251,0.006426654535912129,0.006480752109706752,0.0024092986099849734,0.004967872476178906,0.007573264314790063
27501,0.16820668739653807,0.030341599577482073,0.4550238415478061,0.023217344140078762,0.03736863309266042,0.21510971678987223,0.011075226391880548,0.05965696605797513
17300,0.08586718429814795,0.021374526419746055,0.7142406562080764,0.0035152989358164834,0.02879561863500077,0.005279737578346889,0.05827444057978925,0.08265253588697417
16874,0.42385473160712744,0.03470311931063179,0.3272966072311441,0.024530042251578434,0.0404205364976746,0.031757199770477945,0.009432602158695206,0.1080051413820658
24529,0.04727668582341755,0.0917306970363285,0.7248677120468117,0.006010355086650816,0.057249132427574956,0.024358563777655,0.007325160671488166,0.041181749940750356
813,0.30768010622227543,0.09614611957439084,0.2595538388746844,0.04301659159738155,0.050673227194073175,0.08559332323280001,0.03193131403692912,0.12540546436630423
14607,0.14533574999666993,0.0378707973268743,0.3425627883398207,0.018643502571211775,0.07837169087425995,0.024103919044080616,0.31100025557958955,0.04211131740851567
25810,0.07369254219855328,0.04847532289031108,0.08507587437765514,0.01150894555847453,0.032055875785747034,0.727739959921585,0.006085010180188666,0.015366496351953618
18396,0.6520754970407133,0.032358161168014314,0.11093241592899744,0.01847280239734339,0.03472093738382008,0.04502100569229878,0.008649453998129119,0.09776970604128526
8505,0.5060874680356806,0.047687902342770906,0.10148851924810731,0.04886443178770345,0.036818205111490934,0.1357414061299712,0.008244691038972529,0.11506738464064006
20721,0.437307527265738,0.00959229703638777,0.43617381828243573,0.02133905487092405,0.041077807817182385,0.02407293272492496,0.022084504117837994,0.008352079118723814
8002,0.43509714136928324,0.02074122240320166,0.3785123032104223,0.010207373735642348,0.08243170279008373,0.013113462187055242,0.023243736955515848,0.03665303881547641
2458,0.01842160542305073,0.5052047948821388,0.2880571488896674,0.012819380720685081,0.029492835464327655,0.06563247637035911,0.0051622397948385265,0.07520957057407238
17761,0.8997561482947238,0.009498704828747793,0.022065547983593115,0.008745021296454512,0.009089252561928765,0.014604695731681848,0.004371166159401257,0.031869470850163256
1234,0.632080164589988,0.006202764049583186,0.32368168969194583,0.0037361846352451876,0.012628895652876304,0.005446277099530001,0.011308708008527343,0.004915219566096327
21407,0.8562139738859075,0.01175932543799657,0.07223113134367656,0.03195449564238125,0.006200670878420478,0.009106143424840684,0.005086349904337659,0.007447912806096624
3520,0.10428918242229017,0.03335375510187134,0.06732606652158526,0.3801132195507214,0.022955161894921656,0.36659620143800264,0.009197227882433013,0.016169161625713267
20893,0.07970446990614313,0.3218874080647648,0.14266936812798914,0.26247291673626544,0.03205904408833642,0.04335888228055342,0.04038030903374925,0.07746761098229182
20218,0.037330450956069954,0.32459546957149576,0.19659945199176737,0.026265853282451956,0.014580263095676053,0.12655637008303613,0.007331303257768614,0.2667408485185099
26275,0.07455293037542937,0.0941741782724615,0.3104149824989083,0.013316367154100216,0.3264159095353942,0.10383284726427126,0.009091603146556505,0.06820116443027871
10574,0.11366950706773053,0.006515900519721628,0.8493155038304481,0.005671723537891763,0.012296080021705562,0.0022529037617432563,0.003809434764551653,0.006468897485356977
24600,0.43949599068127704,0.08943899454667173,0.28122350343566155,0.00671967737078467,0.03911634231613274,0.028028161414204233,0.017423716663955886,0.0985536083268019
1145,0.12441287771629764,0.050060589748035615,0.17886043841313426,0.01197758922072537,0.028543308268255393,0.015835411008934187,0.0068638307220714664,0.5834458705247209
11125,0.2559452776235092,0.09400730404924362,0.2702448076189391,0.038788684147853074,0.03952726843625461,0.0754396063800653,0.029736597286655682,0.19631048705376952
21887,0.6252771516030604,0.046006330214190774,0.09153568346611045,0.038966584248337106,0.019060376122558252,0.10173582990786878,0.004744475049623544,0.07267363800344134
13030,0.27928883345229566,0.018147199894175847,0.056090069840160475,0.023111160280708525,0.018452652548660527,0.5863613077670389,0.006128022486316476,0.012420765107330934
26035,0.2633052188340647,0.10583393742180512,0.27801556193123284,0.043257523707693854,0.04829129236087721,0.09320945433609594,0.03715261118613095,0.13093440022209935
821,0.03144810802809379,0.18963860964573995,0.03725190901289738,0.018531376151267633,0.010210785489781568,0.67816293470152,0.005216610113953266,0.02953965599519696
2462,0.4968022997808439,0.0914588269905495,0.09324366152210602,0.007450817479873525,0.03830006408390638,0.20161717968071555,0.011356507285990134,0.05977068408435906
22449,0.041051539615764,0.09953733914348495,0.752669874226422,0.006272742516742662,0.027559388860693857,0.011885696533218583,0.005062859897257244,0.055960545795371575
1387,0.2633052188340647,0.10583393742180512,0.27801556193123284,0.043257523707693854,0.04829129236087721,0.09320945433609594,0.03715261118613095,0.13093440022209935
22051,0.05503480582347394,0.2789999779709512,0.17878412309324102,0.011823517547241293,0.020879421307754602,0.08071519368208366,0.0059894897557896355,0.36777341875853264
23783,0.06181489111095628,0.048934919953575545,0.7650312751913813,0.004716838018041907,0.07631860662488592,0.014895865433930134,0.0074085201358148915,0.02087910424752058
16792,0.9116528089495162,0.005292394540220804,0.029521590337852968,0.004957499574690005,0.01427832783712173,0.0176378110352273,0.011511947502584066,0.005147555798547852
6584,0.10423318247253613,0.008102827480880839,0.840042632662594,0.003222101982538846,0.015686456345297365,0.004220679871261134,0.0041204704130062735,0.020371682078308945
13527,0.8348030946387806,0.0038281550381459362,0.12471692177844146,0.004796438809767637,0.011894108732992478,0.008560527275506415,0.006654348352778071,0.004746444838381474
434,0.08165583804745288,0.029992327446002564,0.05625338581177854,0.0030580766653078226,0.01204178702452648,0.00519202588576872,0.007346052574042945,0.804460454885821
